Meeting Week,MP3 URL
November 3-9,https://cfp2.jw-cdn.org/a/b5898cd/1/o/mwb_E_202511_01.mp3
November 10-16,https://cfp2.jw-cdn.org/a/056fb19/1/o/mwb_E_202511_02.mp3
November 17-23,https://cfp2.jw-cdn.org/a/52f6fc0/1/o/mwb_E_202511_03.mp3
November 24-30,https://cfp2.jw-cdn.org/a/80c47d/1/o/mwb_E_202511_04.mp3
December 1-7,https://cfp2.jw-cdn.org/a/5fc7877/1/o/mwb_E_202511_05.mp3
December 8-14,https://cfp2.jw-cdn.org/a/8c02906/1/o/mwb_E_202511_06.mp3
December 15-21,https://cfp2.jw-cdn.org/a/28b09db/1/o/mwb_E_202511_07.mp3
December 22-28,https://cfp2.jw-cdn.org/a/6f747e2/1/o/mwb_E_202511_08.mp3
December 29–January 4,https://cfp2.jw-cdn.org/a/2aa888/1/o/mwb_E_202511_09.mp3
January 5-11,https://cfp2.jw-cdn.org/a/394ee97/1/o/mwb_E_202601_01.mp3
January 12-18,https://cfp2.jw-cdn.org/a/884cd3/1/o/mwb_E_202601_02.mp3
January 19-25,https://cfp2.jw-cdn.org/a/d8bc927/1/o/mwb_E_202601_03.mp3
January 26–February 1,https://cfp2.jw-cdn.org/a/611194/1/o/mwb_E_202601_04.mp3
February 2-8,https://cfp2.jw-cdn.org/a/bbeaa61/1/o/mwb_E_202601_05.mp3
February 9-15,https://cfp2.jw-cdn.org/a/b72739/1/o/mwb_E_202601_06.mp3
February 16-22,https://cfp2.jw-cdn.org/a/c97c260/1/o/mwb_E_202601_07.mp3
February 23–March 1,https://cfp2.jw-cdn.org/a/ce27e58/1/o/mwb_E_202601_08.mp3
March 2-8,https://cfp2.jw-cdn.org/a/955dffb/1/o/mwb_E_202603_01.mp3
March 9-15,https://cfp2.jw-cdn.org/a/87aadf2/1/o/mwb_E_202603_02.mp3
March 16-22,https://cfp2.jw-cdn.org/a/ebdd44/1/o/mwb_E_202603_03.mp3
March 23-29,https://cfp2.jw-cdn.org/a/b592f4/1/o/mwb_E_202603_04.mp3
March 30–April 5,https://cfp2.jw-cdn.org/a/0bef43b/1/o/mwb_E_202603_05.mp3
April 6-12,https://cfp2.jw-cdn.org/a/531e37/1/o/mwb_E_202603_06.mp3
April 13-19,https://cfp2.jw-cdn.org/a/09a90f6/1/o/mwb_E_202603_07.mp3
April 20-26,https://cfp2.jw-cdn.org/a/4adcbca/1/o/mwb_E_202603_08.mp3
April 27–May 3,https://cfp2.jw-cdn.org/a/262efc69/1/o/mwb_E_202603_09.mp3
